Entrez Gene IDA	Symbol A	Entrez Gene IDB	Symbol B
23582	CCNDBP1	57474	ZNF490
23582	CCNDBP1	126070	ZNF440
5699	PSMB10	23582	CCNDBP1
23582	CCNDBP1	29088	MRPL15
7695	ZNF136	23582	CCNDBP1
9063	PIAS2	23582	CCNDBP1
23582	CCNDBP1	147687	ZNF417
22806	IKZF3	150483	TEKT4
22806	IKZF3	256302	C17orf103
7329	UBE2I	22806	IKZF3
9747	FAM115A	22806	IKZF3
1032	CDKN2D	22806	IKZF3
22806	IKZF3	55758	RCOR3
5984	RFC4	10193	RNF41
10024	TROAP	22924	MAPRE3
10488	CREB3	84102	SLC41A2
11201	POLI	56658	TRIM39
5601	MAPK9	222484	LNX2
3198	HOXA1	3198	HOXA1
3198	HOXA1	10252	SPRY1
8428	STK24	11235	PDCD10
4103	MAGEA4	23558	WBP2
4103	MAGEA4	140691	TRIM69
60491	NIF3L1	117178	SSX2IP
7205	TRIP6	23387	SIK3
3801	KIFC3	84619	ZGPAT
1856	DVL2	84619	ZGPAT
1856	DVL2	51720	UIMC1
1937	EEF1G	23276	KLHL18
9871	SEC24D	10483	SEC23B
4188	MDFI	57474	ZNF490
23281	MTUS2	57474	ZNF490
9295	SRSF11	222484	LNX2
23089	PEG10	222484	LNX2
51447	IP6K2	222484	LNX2
203068	TUBB	222484	LNX2
29116	MYLIP	222484	LNX2
7448	VTN	222484	LNX2
10133	OPTN	222484	LNX2
51068	NMD3	222484	LNX2
3603	IL16	222484	LNX2
7186	TRAF2	222484	LNX2
85007	AGXT2L2	222484	LNX2
7185	TRAF1	126070	ZNF440
4188	MDFI	126070	ZNF440
5585	PKN1	9454	HOMER3
2274	FHL2	7597	ZBTB25
7597	ZBTB25	22929	SEPHS1
5987	TRIM27	8697	CDC23
8697	CDC23	10133	OPTN
11267	SNF8	84313	VPS25
9702	CEP57	79571	GCC1
9107	MTMR6	66036	MTMR9
9240	PNMA1	60491	NIF3L1
9240	PNMA1	81926	FAM108A1
539	ATP5O	9240	PNMA1
9240	PNMA1	10586	MAB21L2
1856	DVL2	5562	PRKAA1
6642	SNX1	254122	SNX32
10488	CREB3	340481	ZDHHC21
2801	GOLGA2	8796	SCEL
2801	GOLGA2	84991	RBM17
6015	RING1	10138	YAF2
10197	PSME3	85403	EAF1
85403	EAF1	246329	STAC3
9454	HOMER3	85403	EAF1
80125	CCDC33	85403	EAF1
80153	EDC3	196513	DCP1B
27033	ZBTB32	154313	C6orf165
2571	GAD1	116173	CMTM5
54955	C1orf109	57541	ZNF398
2801	GOLGA2	84460	ZMAT1
64098	PARVG	285622	NBPF22P
6607	SMN2	6607	SMN2
6607	SMN2	51160	VPS28
1856	DVL2	7525	YES1
3846	KRTAP5-9	7301	TYRO3
9189	ZBED1	23028	KDM1A
11043	MID2	285753	CEP57L1
11043	MID2	342132	ZNF774
11043	MID2	80705	TSGA10
9747	FAM115A	11043	MID2
1329	COX5B	11043	MID2
11043	MID2	80726	KIAA1683
1641	DCX	11043	MID2
9144	SYNGR2	51435	SCARA3
29883	CNOT7	51435	SCARA3
2801	GOLGA2	8065	CUL5
8065	CUL5	9616	RNF7
8434	RECK	140691	TRIM69
3846	KRTAP5-9	54778	RNF111
1457	CSNK2A1	54778	RNF111
6498	SKIL	51160	VPS28
9852	EPM2AIP1	57820	CCNB1IP1
9852	EPM2AIP1	79078	C1orf50
5563	PRKAA2	84456	L3MBTL3
1912	PHC2	84456	L3MBTL3
4004	LMO1	6660	SOX5
6660	SOX5	10865	ARID5A
10241	CALCOCO2	153657	TTC23L
8881	CDC16	246184	CDC26
10458	BAIAP2	148223	C19orf25
23636	NUP62	79635	CCDC121
54550	NECAB2	79635	CCDC121
5501	PPP1CC	153743	PPP1R2P3
5987	TRIM27	221184	CPNE2
5987	TRIM27	170954	PPP1R18
3608	ILF2	5987	TRIM27
5987	TRIM27	7286	TUFT1
5987	TRIM27	55324	ABCF3
5987	TRIM27	79025	C20orf195
2495	FTH1	2512	FTL
705	BYSL	114932	MRFAP1L1
114932	MRFAP1L1	375341	C3orf62
55234	SMU1	114932	MRFAP1L1
5682	PSMA1	114932	MRFAP1L1
10933	MORF4L1	114932	MRFAP1L1
5296	PIK3R2	114932	MRFAP1L1
114932	MRFAP1L1	120379	PIH1D2
8099	CDK2AP1	114932	MRFAP1L1
5877	RABIF	83593	RASSF5
3937	LCP2	9513	FXR2
3937	LCP2	9402	GRAP2
4005	LMO2	4670	HNRNPM
4005	LMO2	10589	DRAP1
4005	LMO2	22924	MAPRE3
1912	PHC2	4005	LMO2
6477	SIAH1	22827	PUF60
5998	RGS3	26003	GORASP2
79666	PLEKHF2	374355	C10orf96
9618	TRAF4	55138	FAM90A1
10241	CALCOCO2	55138	FAM90A1
10447	FAM3C	10488	CREB3
4105	MAGEA6	145282	MIPOL1
2274	FHL2	7690	ZNF131
3801	KIFC3	6605	SMARCE1
3801	KIFC3	5563	PRKAA2
3801	KIFC3	54955	C1orf109
10640	EXOC5	30000	TNPO2
10640	EXOC5	26098	C10orf137
10488	CREB3	55281	TMEM140
6258	RXRG	10062	NR1H3
9502	XAGE2	116113	FOXP4
10488	CREB3	133022	TRAM1L1
7297	TYK2	202559	KHDRBS2
7186	TRAF2	57506	MAVS
53615	MBD3	57459	GATAD2B
8266	UBL4A	9618	TRAF4
8500	PPFIA1	285782	CAGE1
8887	TAX1BP1	23132	RAD54L2
79666	PLEKHF2	120534	C11orf46
2801	GOLGA2	116442	RAB39B
7301	TYRO3	10318	TNIP1
79876	UBA5	339047	LOC339047
6938	TCF12	124790	HEXIM2
6938	TCF12	117581	TWIST2
6500	SKP1	26273	FBXO3
23636	NUP62	55145	THAP1
10482	NXF1	23636	NUP62
2170	FABP3	23636	NUP62
23636	NUP62	51668	HSPB11
23636	NUP62	53371	NUP54
23636	NUP62	51019	CCDC53
23214	XPO6	23636	NUP62
8473	OGT	23636	NUP62
2553	GABPB1	4004	LMO1
113878	DTX2	121274	ZNF641
8545	CGGBP1	79666	PLEKHF2
4188	MDFI	7766	ZNF223
9513	FXR2	9883	POM121
23051	ZHX3	51701	NLK
1196	CLK2	1198	CLK3
5565	PRKAB2	51608	GET4
5565	PRKAB2	80125	CCDC33
5565	PRKAB2	7186	TRAF2
5929	RBBP5	9070	ASH2L
2483	FRG1	11030	RBPMS
9465	AKAP7	79959	CEP76
4281	MID1	4281	MID1
4281	MID1	7325	UBE2E2
3329	HSPD1	84445	LZTS2
22893	BAHD1	84445	LZTS2
84445	LZTS2	116225	ZMYND19
7918	GPANK1	84445	LZTS2
84445	LZTS2	84988	PPP1R16A
3219	HOXB9	84445	LZTS2
9643	MORF4L2	93621	MRFAP1
2949	GSTM5	2949	GSTM5
892	CCNC	7566	ZNF18
9802	DAZAP2	27246	RNF115
5862	RAB2A	57559	STAMBPL1
6605	SMARCE1	80254	CEP63
6342	SCP2	9319	TRIP13
6342	SCP2	10488	CREB3
55012	PPP2R3C	80125	CCDC33
6449	SGTA	79089	TMUB2
83988	NCALD	113878	DTX2
8601	RGS20	117144	CATSPER1
8601	RGS20	114971	PTPMT1
4144	MAT2A	27430	MAT2B
9482	STX8	10490	VTI1B
147700	KLC3	285753	CEP57L1
51160	VPS28	285753	CEP57L1
55165	CEP55	285753	CEP57L1
373	TRIM23	7329	UBE2I
373	TRIM23	1329	COX5B
10106	CTDSP2	83461	CDCA3
6810	STX4	79901	CYBRD1
4665	NAB2	4739	NEDD9
4665	NAB2	116225	ZMYND19
8649	LAMTOR3	28956	LAMTOR2
1936	EEF1D	80325	ABTB1
7185	TRAF1	10362	HMG20B
7185	TRAF1	57639	CCDC146
7185	TRAF1	7189	TRAF6
7185	TRAF1	58500	ZNF250
2801	GOLGA2	51164	DCTN4
23281	MTUS2	51164	DCTN4
54793	KCTD9	54793	KCTD9
11060	WWP2	11100	HNRNPUL1
6293	VPS52	9589	WTAP
6293	VPS52	51160	VPS28
7391	USF1	79666	PLEKHF2
5684	PSMA3	5687	PSMA6
10488	CREB3	135154	C6orf57
71	ACTG1	71	ACTG1
60	ACTB	71	ACTG1
10488	CREB3	51006	SLC35C2
9802	DAZAP2	64744	SMAP2
4733	DRG1	55854	ZC3H15
147700	KLC3	147700	KLC3
11030	RBPMS	23132	RAD54L2
2275	FHL3	10966	RAB40B
124790	HEXIM2	124790	HEXIM2
63978	PRDM14	124790	HEXIM2
58500	ZNF250	124790	HEXIM2
6926	TBX3	79666	PLEKHF2
2773	GNAI3	63940	GPSM3
7102	TSPAN7	10488	CREB3
4105	MAGEA6	10190	TXNDC9
1912	PHC2	4733	DRG1
5805	PTS	5805	PTS
6449	SGTA	23208	SYT11
10435	CDC42EP2	23092	ARHGAP26
7857	SCG2	29979	UBQLN1
54927	CHCHD3	64396	GMCL1P1
2577	GAGE5	64396	GMCL1P1
64395	GMCL1	64396	GMCL1P1
26748	GAGE12I	64396	GMCL1P1
6628	SNRPB	26039	SS18L1
54472	TOLLIP	54959	ODAM
6628	SNRPB	11340	EXOSC8
11340	EXOSC8	56915	EXOSC5
5684	PSMA3	201181	ZNF385C
51019	CCDC53	115106	HAUS1
23636	NUP62	115106	HAUS1
29979	UBQLN1	155465	AGR3
10431	LOC10431	10488	CREB3
10318	TNIP1	81926	FAM108A1
4105	MAGEA6	91647	ATPAF2
26036	ZNF451	55007	FAM118A
8878	SQSTM1	11345	GABARAPL2
29979	UBQLN1	118471	PRAP1
29979	UBQLN1	60626	RIC8A
3535	IGL@	29979	UBQLN1
56477	CCL28	414301	DDI1
4801	NFYB	56655	POLE4
6449	SGTA	55739	CARKD
2275	FHL3	51298	THEG
1487	CTBP1	140688	C20orf112
7170	TPM3	121457	IKBIP
64581	CLEC7A	163183	C19orf46
896	CCND3	1021	CDK6
63978	PRDM14	79666	PLEKHF2
9025	RNF8	10687	PNMA2
10687	PNMA2	84080	C16orf48
10687	PNMA2	147687	ZNF417
4615	MYD88	4615	MYD88
4342	MOS	9454	HOMER3
5062	PAK2	10174	SORBS3
9802	DAZAP2	53347	UBASH3A
11117	EMILIN1	66036	MTMR9
10142	AKAP9	84970	C1orf94
6449	SGTA	150771	ITPRIPL1
7329	UBE2I	284252	KCTD1
10488	CREB3	56894	AGPAT3
4675	NAP1L3	222389	BEND7
11030	RBPMS	146664	MGAT5B
10048	RANBP9	55770	EXOC2
22929	SEPHS1	22929	SEPHS1
9189	ZBED1	54955	C1orf109
5584	PRKCI	50855	PARD6A
5990	RFX2	84970	C1orf94
63948	DMRTB1	84970	C1orf94
1032	CDKN2D	84970	C1orf94
79571	GCC1	84970	C1orf94
51686	OAZ3	113451	ADC
10539	GLRX3	57019	CIAPIN1
1912	PHC2	84078	KBTBD7
5914	RARA	6258	RXRG
7004	TEAD4	9659	PDE4DIP
5780	PTPN9	10488	CREB3
5780	PTPN9	57085	AGTRAP
4292	MLH1	55086	CXorf57
10488	CREB3	84975	MFSD5
6850	SYK	29761	USP25
2274	FHL2	5991	RFX3
5940	RBMY1A1	57693	ZNF317
4005	LMO2	10241	CALCOCO2
10241	CALCOCO2	167153	PAPD4
9063	PIAS2	391257	SUMO1P1
4188	MDFI	83538	TTC25
3437	IFIT3	7170	TPM3
7170	TPM3	29911	HOOK2
10488	CREB3	375035	SFT2D2
2801	GOLGA2	25959	KANK2
2801	GOLGA2	10758	TRAF3IP2
2071	ERCC3	2801	GOLGA2
2801	GOLGA2	284058	KANSL1
902	CCNH	2801	GOLGA2
2801	GOLGA2	84934	C12orf52
2801	GOLGA2	6941	TCF19
2801	GOLGA2	9690	UBE3C
2801	GOLGA2	3707	ITPKB
2801	GOLGA2	23650	TRIM29
1641	DCX	2801	GOLGA2
2801	GOLGA2	23219	FBXO28
2801	GOLGA2	148581	UBE2U
2801	GOLGA2	81629	TSSK3
665	BNIP3L	64581	CLEC7A
645455	CEP170P1	645455	CEP170P1
90060	CCDC120	645455	CEP170P1
4188	MDFI	50717	DCAF8
55145	THAP1	201181	ZNF385C
4188	MDFI	92906	HNRPLL
55086	CXorf57	79666	PLEKHF2
64786	TBC1D15	80254	CEP63
5987	TRIM27	60491	NIF3L1
5987	TRIM27	8930	MBD4
89882	TPD52L3	116173	CMTM5
3104	ZBTB48	90933	TRIM41
7718	ZNF165	55663	ZNF446
6449	SGTA	6782	HSPA13
57088	PLSCR4	81926	FAM108A1
9404	LPXN	57088	PLSCR4
8862	APLN	57088	PLSCR4
11030	RBPMS	166863	RBM46
4688	NCF2	22920	KIFAP3
80321	CEP70	114822	RHPN1
3200	HOXA3	10483	SEC23B
329	BIRC2	80705	TSGA10
79088	ZNF426	80705	TSGA10
10488	CREB3	54708	MARCH5
4292	MLH1	220082	SPERT
79596	RNF219	170082	TCEANC
26228	STAP1	30011	SH3KBP1
55145	THAP1	55145	THAP1
55145	THAP1	121536	AEBP2
51603	METTL13	55145	THAP1
55093	WDYHV1	55145	THAP1
11275	KLHL2	59349	KLHL12
11275	KLHL2	51060	TXNDC12
10488	CREB3	57515	SERINC1
80817	CEP44	147687	ZNF417
80817	CEP44	164592	CCDC116
7188	TRAF5	9111	NMI
9111	NMI	22932	POMZP3
9111	NMI	10302	SNAPC5
4188	MDFI	7050	TGIF1
1488	CTBP2	7050	TGIF1
29959	NRBP1	81628	TSC22D4
5300	PIN1	81628	TSC22D4
6455	SH3GL1	55211	DPPA4
6455	SH3GL1	27238	GPKOW
55916	NXT2	56000	NXF3
10488	CREB3	51107	APH1A
9457	FHL5	80256	FAM214B
9413	FAM189A2	10254	STAM2
4950	OCLN	89885	FATE1
56478	EIF4ENIF1	113878	DTX2
10488	CREB3	23471	TRAM1
3190	HNRNPK	159163	RBMY1F
56658	TRIM39	56658	TRIM39
54797	MED18	56658	TRIM39
7321	UBE2D1	56658	TRIM39
23001	WDFY3	56658	TRIM39
23281	MTUS2	90594	ZNF439
8851	CDK5R1	23281	MTUS2
55211	DPPA4	79666	PLEKHF2
329	BIRC2	7286	TUFT1
329	BIRC2	152926	PPM1K
9189	ZBED1	10597	TRAPPC2P1
9470	EIF4E2	91544	UBXN11
84080	C16orf48	91544	UBXN11
1856	DVL2	64396	GMCL1P1
362	AQP5	10488	CREB3
9823	ARMCX2	84528	RHOXF2
211	ALAS1	142679	DUSP19
8907	AP1M1	10900	RUNDC3A
8907	AP1M1	10807	SDCCAG3
54107	POLE3	54108	CHRAC1
4800	NFYA	84872	ZC3H10
7188	TRAF5	7189	TRAF6
7189	TRAF6	10758	TRAF3IP2
7189	TRAF6	79666	PLEKHF2
7186	TRAF2	7189	TRAF6
7984	ARHGEF5	80258	EFHC2
10488	CREB3	125875	CLDND2
54507	ADAMTSL4	256302	C17orf103
7126	TNFAIP1	253980	KCTD13
5276	SERPINI2	29979	UBQLN1
1329	COX5B	339834	CCDC36
25988	HINFP	339834	CCDC36
11100	HNRNPUL1	63948	DMRTB1
3839	KPNA3	10078	TSSC4
84970	C1orf94	154313	C6orf165
114928	GPRASP2	154313	C6orf165
23281	MTUS2	84775	ZNF607
6642	SNX1	23204	ARL6IP1
23204	ARL6IP1	80221	ACSF2
2874	GPS2	10928	RALBP1
8575	PRKRA	55646	LYAR
55646	LYAR	222389	BEND7
665	BNIP3L	665	BNIP3L
665	BNIP3L	56935	C11orf75
9817	KEAP1	10072	DPP3
2896	GRN	10539	GLRX3
23321	TRIM2	80131	LRRC8E
10422	UBAC1	23321	TRIM2
23281	MTUS2	83541	FAM110A
9445	ITM2B	10488	CREB3
80198	MUS81	84464	SLX4
54784	ALKBH4	113878	DTX2
23413	NCS1	113878	DTX2
7321	UBE2D1	113878	DTX2
7920	ABHD16A	113878	DTX2
27111	SDCBP2	55660	PRPF40A
6515	SLC2A3	10488	CREB3
10488	CREB3	55332	DRAM1
2577	GAGE5	64395	GMCL1
6820	SULT2B1	130540	ALS2CR12
7126	TNFAIP1	116225	ZMYND19
663	BNIP2	2444	FRK
7414	VCL	9404	LPXN
7965	AIMP2	79173	C19orf57
6672	SP100	23468	CBX5
23468	CBX5	54904	WHSC1L1
4783	NFIL3	51421	AMOTL2
8636	SSNA1	8636	SSNA1
1158	CKM	140462	ASB9
4188	MDFI	60370	AVPI1
9550	ATP6V1G1	90423	ATP6V1E2
10241	CALCOCO2	553115	PEF1
10241	CALCOCO2	11266	DUSP12
655	BMP7	23281	MTUS2
10488	CREB3	54946	SLC41A3
10488	CREB3	84620	ST6GAL2
26003	GORASP2	91703	ACY3
11094	CACFD1	57146	TMEM159
5530	PPP3CA	404550	C16orf74
6642	SNX1	92840	REEP6
5781	PTPN11	22934	RPIA
10488	CREB3	11070	TMEM115
10488	CREB3	113178	SCAMP4
1153	CIRBP	3190	HNRNPK
5892	RAD51D	51421	AMOTL2
10320	IKZF1	80256	FAM214B
10069	RWDD2B	10320	IKZF1
1856	DVL2	23623	RUSC1
1856	DVL2	10422	UBAC1
1856	DVL2	9531	BAG3
1856	DVL2	7454	WAS
407	ARR3	1856	DVL2
5478	PPIA	10443	N4BP2L2
9070	ASH2L	84661	DPY30
10197	PSME3	64798	DEPTOR
6871	TADA2A	10946	SF3A3
1838	DTNB	80254	CEP63
1838	DTNB	10152	ABI2
10488	CREB3	81539	SLC38A1
1123	CHN1	8440	NCK2
11199	ANXA10	80153	EDC3
10488	CREB3	84329	HVCN1
22827	PUF60	22827	PUF60
2801	GOLGA2	124220	ZG16B
4931	NVL	7329	UBE2I
7329	UBE2I	9111	NMI
875	CBS	875	CBS
10212	DDX39A	84324	SARNP
9747	FAM115A	10262	SF3B4
7205	TRIP6	9747	FAM115A
10797	MTHFD2	55577	NAGK
1602	DACH1	55577	NAGK
211	ALAS1	26073	POLDIP2
9618	TRAF4	11060	WWP2
11060	WWP2	92714	ARRDC1
10488	CREB3	55092	TMEM51
10488	CREB3	81855	SFXN3
900	CCNG1	10318	TNIP1
9391	CIAO1	51647	FAM96B
9618	TRAF4	80256	FAM214B
51324	SPG21	113878	DTX2
51324	SPG21	57085	AGTRAP
27018	NGFRAP1	164592	CCDC116
2275	FHL3	7965	AIMP2
9513	FXR2	54623	PAF1
9818	NUPL1	51225	ABI3
9818	NUPL1	23636	NUP62
10488	CREB3	55266	TMEM19
8440	NCK2	118788	PIK3AP1
27335	EIF3K	51386	EIF3L
9145	SYNGR1	10488	CREB3
7314	UBB	9802	DAZAP2
9500	MAGED1	9802	DAZAP2
9791	PTDSS1	10488	CREB3
2947	GSTM3	2947	GSTM3
1534	CYB561	10488	CREB3
7307	U2AF1	11338	U2AF2
516	ATP5G1	140691	TRIM69
7572	ZNF24	90933	TRIM41
191	AHCY	79078	C1orf50
6285	S100B	84830	ADTRP
6271	S100A1	6285	S100B
7157	TP53	25988	HINFP
439	ASNA1	51608	GET4
10488	CREB3	10695	CNPY3
5082	PDCL	5705	PSMC5
5050	PAFAH1B3	5050	PAFAH1B3
95	ACY1	95	ACY1
7356	SCGB1A1	22954	TRIM32
3434	IFIT1	3437	IFIT3
5432	POLR2C	54550	NECAB2
4841	NONO	4841	NONO
5276	SERPINI2	7917	BAG6
7205	TRIP6	129807	NEU4
3603	IL16	7205	TRIP6
10488	CREB3	10490	VTI1B
54974	THG1L	54974	THG1L
5252	PHF1	7024	TFCP2
6449	SGTA	50848	F11R
6449	SGTA	134288	TMEM174
2202	EFEMP1	6449	SGTA
23647	ARFIP2	57085	AGTRAP
10488	CREB3	50859	SPOCK3
896	CCND3	1019	CDK4
10197	PSME3	55840	EAF2
5354	PLP1	5798	PTPRN
5500	PPP1CB	84988	PPP1R16A
10488	CREB3	79152	FA2H
3866	KRT15	112869	CCDC101
10016	PDCD6	553115	PEF1
10488	CREB3	79157	MFSD11
27111	SDCBP2	84285	EIF1AD
10488	CREB3	51090	PLLP
10488	CREB3	79161	C7orf23
79169	C1orf35	246329	STAC3
931	MS4A1	10488	CREB3
10195	ALG3	10488	CREB3
10488	CREB3	51128	SAR1B
10488	CREB3	51024	FIS1
25900	IFFO1	84260	TCHP
7205	TRIP6	64745	METTL17
3726	JUNB	10538	BATF
3185	HNRNPF	80125	CCDC33
10112	KIF20A	80256	FAM214B
55906	ZC4H2	58500	ZNF250
84285	EIF1AD	222389	BEND7
26994	RNF11	51619	UBE2D4
4110	MAGEA11	55621	TRMT1
10488	CREB3	56063	TMEM234
6015	RING1	7703	PCGF2
10318	TNIP1	29965	C16orf5
5300	PIN1	23635	SSBP2
5682	PSMA1	22924	MAPRE3
5682	PSMA1	60490	PPCDC
10488	CREB3	79001	VKORC1
7456	WIPF1	9454	HOMER3
5715	PSMD9	56658	TRIM39
5706	PSMC6	5715	PSMD9
862	RUNX1T1	9454	HOMER3
862	RUNX1T1	9404	LPXN
293	SLC25A6	23281	MTUS2
5598	MAPK7	63940	GPSM3
347	APOD	10488	CREB3
26748	GAGE12I	64395	GMCL1
705	BYSL	1912	PHC2
3183	HNRNPC	3183	HNRNPC
3183	HNRNPC	55285	RBM41
7341	SUMO1	25788	RAD54B
51160	VPS28	79720	VPS37B
10488	CREB3	79415	C17orf62
79415	C17orf62	90993	CREB3L1
79036	KXD1	201255	LRRC45
3927	LASP1	9319	TRIP13
9319	TRIP13	64778	FNDC3B
410	ARSA	9319	TRIP13
744	MPPED2	9319	TRIP13
54550	NECAB2	84708	LNX1
54550	NECAB2	83878	USHBP1
311	ANXA11	2130	EWSR1
6642	SNX1	116173	CMTM5
5571	PRKAG1	8666	EIF3G
7004	TEAD4	55165	CEP55
10488	CREB3	51703	ACSL5
2030	SLC29A1	10488	CREB3
3732	CD82	10488	CREB3
9025	RNF8	84283	TMEM79
26751	SH3YL1	79720	VPS37B
6602	SMARCD1	79720	VPS37B
1912	PHC2	84080	C16orf48
6687	SPG7	23281	MTUS2
11266	DUSP12	28227	PPP2R3B
7780	SLC30A2	10488	CREB3
2139	EYA2	6495	SIX1
527	ATP6V0C	4188	MDFI
5092	PCBD1	5092	PCBD1
5092	PCBD1	9513	FXR2
22934	RPIA	26003	GORASP2
26003	GORASP2	79656	BEND5
26003	GORASP2	64518	TEKT3
7454	WAS	51225	ABI3
84305	WIBG	84816	RTN4IP1
10488	CREB3	84277	DNAJC30
2275	FHL3	26505	CNNM3
468	ATF4	8945	BTRC
2706	GJB2	10488	CREB3
10513	APPBP2	84795	PYROXD2
4188	MDFI	7695	ZNF136
7695	ZNF136	23281	MTUS2
55663	ZNF446	84307	ZNF397
5479	PPIB	54557	SGTB
8939	FUBP3	9444	QKI
4188	MDFI	114971	PTPMT1
4188	MDFI	129807	NEU4
4188	MDFI	9139	CBFA2T2
4188	MDFI	23001	WDFY3
9524	TECR	10488	CREB3
10494	STK25	11235	PDCD10
8562	DENR	28985	MCTS1
7571	ZNF23	10539	GLRX3
5013	OTX1	8601	RGS20
5013	OTX1	10253	SPRY2
3887	KRT81	5013	OTX1
5013	OTX1	54507	ADAMTSL4
1876	E2F6	7029	TFDP2
10488	CREB3	10948	STARD3
2275	FHL3	5552	SRGN
2275	FHL3	7297	TYK2
2275	FHL3	4793	NFKBIB
9456	HOMER1	79098	C1orf116
2801	GOLGA2	29087	THYN1
902	CCNH	10534	SSSCA1
10488	CREB3	29058	TMEM230
3612	IMPA1	3612	IMPA1
336	APOA2	10488	CREB3
8061	FOSL1	29922	NME7
10488	CREB3	84830	ADTRP
29911	HOOK2	84934	C12orf52
29911	HOOK2	92999	ZBTB47
10488	CREB3	55850	USE1
6652	SORD	6652	SORD
24144	TFIP11	147687	ZNF417
24144	TFIP11	54474	KRT20
3162	HMOX1	10488	CREB3
2079	ERH	54906	FAM208B
9500	MAGED1	10342	TFG
29907	SNX15	57142	RTN4
2274	FHL2	56243	KIAA1217
6009	RHEB	10488	CREB3
598	BCL2L1	10488	CREB3
6921	TCEB1	6923	TCEB2
1072	CFL1	1073	CFL2
60	ACTB	60	ACTB
22827	PUF60	80306	MED28
5276	SERPINI2	54557	SGTB
10133	OPTN	10318	TNIP1
6472	SHMT2	10488	CREB3
6810	STX4	10228	STX6
55034	MOCOS	55742	PARVA
9873	FCHSD2	23281	MTUS2
8050	PDHX	57085	AGTRAP
54971	BANP	92399	MRRF
1066	CES1	10488	CREB3
1186	CLCN7	10488	CREB3
113675	SDSL	113675	SDSL
10488	CREB3	51522	TMEM14C
51776	ZAK	163081	ZNF567
10488	CREB3	64755	C16orf58
10488	CREB3	10488	CREB3
2224	FDPS	10488	CREB3
10488	CREB3	79669	C3orf52
10488	CREB3	91663	MYADM
6890	TAP1	10488	CREB3
10385	BTN2A2	10488	CREB3
10488	CREB3	84065	TMEM222
10488	CREB3	25972	UNC50
10100	TSPAN2	10488	CREB3
10488	CREB3	83460	TMEM93
664	BNIP3	10488	CREB3
4818	NKG7	10488	CREB3
10488	CREB3	79844	ZDHHC11
7920	ABHD16A	10488	CREB3
10488	CREB3	192683	SCAMP5
8760	CDS2	10488	CREB3
10488	CREB3	10990	LILRB5
5407	PNLIPRP1	10488	CREB3
10488	CREB3	200185	KRTCAP2
10488	CREB3	55716	LMBR1L
10488	CREB3	23480	SEC61G
10488	CREB3	116173	CMTM5
10488	CREB3	60343	FAM3A
10488	CREB3	22845	DOLK
51043	ZBTB7B	92856	IMP4
10589	DRAP1	79666	PLEKHF2
6880	TAF9	10589	DRAP1
211	ALAS1	9168	TMSB10
64853	AIDA	79666	PLEKHF2
55037	PTCD3	79444	BIRC7
80221	ACSF2	116173	CMTM5
7775	ZNF232	60490	PPCDC
2801	GOLGA2	245973	ATP6V1C2
8405	SPOP	79571	GCC1
7186	TRAF2	92610	TIFA
55840	EAF2	222389	BEND7
2801	GOLGA2	23283	CSTF2T
2801	GOLGA2	9814	SFI1
9111	NMI	9111	NMI
11047	ADRM1	51377	UCHL5
5701	PSMC2	5711	PSMD5
64802	NMNAT1	64802	NMNAT1
660	BMX	6774	STAT3
7186	TRAF2	79025	C20orf195
10979	FERMT2	116173	CMTM5
392	ARHGAP1	57085	AGTRAP
64798	DEPTOR	90933	TRIM41
1106	CHD2	90933	TRIM41
23281	MTUS2	127703	C1orf216
5530	PPP3CA	5534	PPP3R1
80125	CCDC33	220108	FAM124A
5780	PTPN9	116173	CMTM5
23281	MTUS2	164592	CCDC116
7186	TRAF2	55758	RCOR3
1912	PHC2	6477	SIAH1
29785	CYP2S1	54507	ADAMTSL4
23582	CCNDBP1	84619	ZGPAT
23582	CCNDBP1	90594	ZNF439
6158	RPL28	23582	CCNDBP1
23582	CCNDBP1	56906	THAP10
496	ATP4B	23582	CCNDBP1
63920	C5orf54	151194	METTL21A
7341	SUMO1	22806	IKZF3
5565	PRKAB2	22806	IKZF3
22806	IKZF3	91647	ATPAF2
22806	IKZF3	23641	LDOC1
22806	IKZF3	55110	MAGOHB
22806	IKZF3	51765	MST4
2815	GP9	3198	HOXA1
84619	ZGPAT	117178	SSX2IP
23503	ZFYVE26	117178	SSX2IP
55536	CDCA7L	84619	ZGPAT
84619	ZGPAT	285753	CEP57L1
84619	ZGPAT	339834	CCDC36
10615	SPAG5	84619	ZGPAT
4899	NRF1	57125	PLXDC1
9871	SEC24D	11060	WWP2
84991	RBM17	222484	LNX2
222484	LNX2	253827	MSRB3
506	ATP5B	222484	LNX2
8503	PIK3R3	222484	LNX2
80131	LRRC8E	222484	LNX2
5607	MAP2K5	222484	LNX2
51540	SCLY	222484	LNX2
55037	PTCD3	222484	LNX2
79016	DDA1	222484	LNX2
80007	C10orf88	222484	LNX2
1411	CRYBA1	1414	CRYBB1
8974	P4HA2	10488	CREB3
9702	CEP57	10928	RALBP1
9702	CEP57	266740	MAGEA2B
9240	PNMA1	29979	UBQLN1
6687	SPG7	9240	PNMA1
9240	PNMA1	84108	PCGF6
8796	SCEL	9111	NMI
6303	SAT1	84991	RBM17
1488	CTBP2	10320	IKZF1
6867	TACC1	51072	MEMO1
85403	EAF1	222389	BEND7
8976	WASL	9025	RNF8
8502	PKP4	84959	UBASH3B
6607	SMN2	9360	PPIG
2553	GABPB1	7186	TRAF2
3841	KPNA5	10541	ANP32B
9111	NMI	23028	KDM1A
23028	KDM1A	56658	TRIM39
7572	ZNF24	11043	MID2
11043	MID2	51619	UBE2D4
11043	MID2	81853	TMEM14B
8434	RECK	80817	CEP44
4105	MAGEA6	283385	MORN3
3846	KRTAP5-9	9586	CREB5
9586	CREB5	29124	LGALS13
84456	L3MBTL3	84456	L3MBTL3
81567	TXNDC5	117177	RAB3IP
10228	STX6	63908	NAPB
4253	CTAGE5	153657	TTC23L
23132	RAD54L2	29883	CNOT7
6189	RPS3A	10488	CREB3
10318	TNIP1	79635	CCDC121
5987	TRIM27	54955	C1orf109
4739	NEDD9	5987	TRIM27
5987	TRIM27	79696	ZC2HC1C
5987	TRIM27	81926	FAM108A1
5987	TRIM27	59286	UBL5
5987	TRIM27	147687	ZNF417
5987	TRIM27	51765	MST4
54458	PRR13	84708	LNX1
6133	RPL9	653121	ZBTB8A
5877	RABIF	27300	ZNF544
9753	ZSCAN12	24144	TFIP11
9753	ZSCAN12	55888	ZNF167
8611	PPAP2A	10488	CREB3
23201	FAM168A	78990	OTUB2
23201	FAM168A	26039	SS18L1
23201	FAM168A	84959	UBASH3B
23201	FAM168A	54461	FBXW5
202559	KHDRBS2	202559	KHDRBS2
81853	TMEM14B	202559	KHDRBS2
11016	ATF7	53615	MBD3
1521	CTSW	10488	CREB3
2257	FGF12	151871	DPPA2
8631	SKAP1	140735	DYNLL2
4618	MYF6	6938	TCF12
6938	TCF12	122786	FRMD6
705	BYSL	9618	TRAF4
705	BYSL	7205	TRIP6
23636	NUP62	155465	AGR3
23636	NUP62	284058	KANSL1
4088	SMAD3	11060	WWP2
83755	KRTAP4-12	93185	IGSF8
1196	CLK2	6733	SRPK2
79959	CEP76	128977	C22orf39
7067	THRA	79959	CEP76
57456	KIAA1143	79959	CEP76
58516	FAM60A	79959	CEP76
51765	MST4	79959	CEP76
4656	MYOG	130502	TTC32
6293	VPS52	79874	RABEP2
84445	LZTS2	389741	MGC21881
892	CCNC	2239	GPC4
57727	NCOA5	57727	NCOA5
1808	DPYSL2	1808	DPYSL2
3775	KCNK1	10488	CREB3
84285	EIF1AD	151871	DPPA2
10301	DLEU1	57120	GOPC
3796	KIF2A	55132	LARP1B
81853	TMEM14B	83988	NCALD
8601	RGS20	81926	FAM108A1
58491	ZNF71	117178	SSX2IP
9482	STX8	10488	CREB3
373	TRIM23	389741	MGC21881
373	TRIM23	5144	PDE4D
373	TRIM23	29994	BAZ2B
10488	CREB3	79901	CYBRD1
358	AQP1	10488	CREB3
51440	HPCAL4	348487	FAM131C
23338	PHF15	84289	ING5
7185	TRAF1	90874	ZNF697
7185	TRAF1	167826	OLIG3
7185	TRAF1	81926	FAM108A1
7185	TRAF1	85302	FBF1
7185	TRAF1	164592	CCDC116
595	CCND1	10048	RANBP9
595	CCND1	1026	CDKN1A
63978	PRDM14	91647	ATPAF2
5413	SEPT5	79666	PLEKHF2
57326	PBXIP1	64395	GMCL1
7325	UBE2E2	9666	DZIP3
7325	UBE2E2	56658	TRIM39
10320	IKZF1	64396	GMCL1P1
10513	APPBP2	147746	HIPK4
1164	CKS2	8548	BLZF1
5684	PSMA3	5684	PSMA3
22929	SEPHS1	91614	DEPDC7
3939	LDHA	3945	LDHB
10253	SPRY2	81853	TMEM14B
506	ATP5B	91647	ATPAF2
7329	UBE2I	26036	ZNF451
26036	ZNF451	55038	CDCA4
29979	UBQLN1	55742	PARVA
14	AAMP	55216	C11orf57
7681	MKRN3	84080	C16orf48
7681	MKRN3	55216	C11orf57
1522	CTSZ	3846	KRTAP5-9
11339	OIP5	54069	MIS18A
4105	MAGEA6	7726	TRIM26
3846	KRTAP5-9	59277	NTN4
3846	KRTAP5-9	6687	SPG7
3846	KRTAP5-9	81926	FAM108A1
3846	KRTAP5-9	84221	C21orf56
29911	HOOK2	55554	KLK15
11030	RBPMS	57459	GATAD2B
10253	SPRY2	53347	UBASH3A
1912	PHC2	4004	LMO1
2275	FHL3	145946	SPATA8
2239	GPC4	10142	AKAP9
116173	CMTM5	148103	ZNF599
29781	NCAPH2	130502	TTC32
22929	SEPHS1	55038	CDCA4
56952	PRTFDC1	81853	TMEM14B
10488	CREB3	81853	TMEM14B
2275	FHL3	81853	TMEM14B
57085	AGTRAP	81853	TMEM14B
28227	PPP2R3B	81853	TMEM14B
11030	RBPMS	145946	SPATA8
1933	EEF1B2	1937	EEF1G
84975	MFSD5	90993	CREB3L1
8892	EIF2B2	203228	C9orf72
51142	CHCHD2	84126	ATRIP
10615	SPAG5	23503	ZFYVE26
4739	NEDD9	63948	DMRTB1
4739	NEDD9	7024	TFCP2
4739	NEDD9	54971	BANP
2274	FHL2	391257	SUMO1P1
29781	NCAPH2	83538	TTC25
5204	PFDN5	10241	CALCOCO2
1856	DVL2	7170	TPM3
7170	TPM3	8379	MAD1L1
7170	TPM3	127703	C1orf216
2801	GOLGA2	285172	FAM126B
2801	GOLGA2	58155	PTBP2
2801	GOLGA2	79169	C1orf35
2801	GOLGA2	81926	FAM108A1
1974	EIF4A2	2801	GOLGA2
6285	S100B	441521	CT45A5
27111	SDCBP2	441521	CT45A5
10488	CREB3	441521	CT45A5
6628	SNRPB	222546	RFX6
10615	SPAG5	201181	ZNF385C
27111	SDCBP2	441519	CT45A3
5987	TRIM27	9929	JOSD1
1856	DVL2	3104	ZBTB48
7288	TULP2	23281	MTUS2
4107	MAGEA8	23424	TDRD7
23281	MTUS2	57088	PLSCR4
80321	CEP70	84775	ZNF607
7726	TRIM26	55145	THAP1
9111	NMI	58516	FAM60A
387	RHOA	9750	FAM65B
10320	IKZF1	26240	FAM50B
9457	FHL5	10126	DNAL4
9144	SYNGR2	89885	FATE1
78992	YIPF2	89885	FATE1
638	BIK	89885	FATE1
8834	TMEM11	89885	FATE1
89885	FATE1	201895	C4orf34
89885	FATE1	145957	NRG4
6500	SKP1	26234	FBXL5
868	CBLB	8440	NCK2
9129	PRPF3	56658	TRIM39
25988	HINFP	56658	TRIM39
4188	MDFI	90594	ZNF439
22981	NINL	147687	ZNF417
329	BIRC2	81926	FAM108A1
7186	TRAF2	91544	UBXN11
7329	UBE2I	84528	RHOXF2
4800	NFYA	9747	FAM115A
7050	TGIF1	126308	MOB3A
1468	SLC25A10	4188	MDFI
10152	ABI2	339834	CCDC36
63948	DMRTB1	553115	PEF1
10488	CREB3	394261	KLHL30-AS1
85376	RIMBP3	113878	DTX2
11063	SOX30	154313	C6orf165
10488	CREB3	22908	SACM1L
4001	LMNB1	9063	PIAS2
23204	ARL6IP1	55204	GOLPH3L
51421	AMOTL2	54927	CHCHD3
11274	USP18	28978	TMEM14A
5859	QARS	113878	DTX2
664	BNIP3	665	BNIP3L
3611	ILK	55742	PARVA
7024	TFCP2	54954	FAM120C
10488	CREB3	51715	RAB23
2239	GPC4	81926	FAM108A1
10919	EHMT2	81926	FAM108A1
4188	MDFI	389741	MGC21881
2203	FBP1	2203	FBP1
2444	FRK	10262	SF3B4
7205	TRIP6	7414	VCL
10483	SEC23B	133619	PRRC1
26984	SEC22A	113878	DTX2
79095	C9orf16	90423	ATP6V1E2
8115	TCL1A	10241	CALCOCO2
9610	RIN1	10241	CALCOCO2
10241	CALCOCO2	51564	HDAC7
10241	CALCOCO2	84904	C9orf100
9051	PSTPIP1	55284	UBE2W
9782	MATR3	58155	PTBP2
29907	SNX15	92840	REEP6
5152	PDE9A	7023	TFAP4
5892	RAD51D	10320	IKZF1
1641	DCX	10320	IKZF1
744	MPPED2	10320	IKZF1
1856	DVL2	79159	NOL12
1856	DVL2	10289	EIF1B
1856	DVL2	55110	MAGOHB
8945	BTRC	64798	DEPTOR
10946	SF3A3	140691	TRIM69
5709	PSMD3	81853	TMEM14B
6774	STAT3	6850	SYK
3177	SLC29A2	10488	CREB3
5910	RAP1GDS1	22827	PUF60
22827	PUF60	29115	SAP30BP
7186	TRAF2	29781	NCAPH2
7329	UBE2I	9319	TRIP13
7329	UBE2I	57085	AGTRAP
8892	EIF2B2	84108	PCGF6
8260	NAA10	10488	CREB3
10488	CREB3	11161	C14orf1
10488	CREB3	54947	LPCAT2
9260	PDLIM7	11060	WWP2
7456	WIPF1	11060	WWP2
9129	PRPF3	653121	ZBTB8A
7812	CSDE1	83638	C11orf68
5300	PIN1	170463	SSBP4
9783	RIMS3	10488	CREB3
10488	CREB3	78988	MRP63
3386	ICAM4	10488	CREB3
3142	HLX	10241	CALCOCO2
9413	FAM189A2	10241	CALCOCO2
10488	CREB3	78992	YIPF2
9802	DAZAP2	54033	RBM11
638	BIK	10488	CREB3
6285	S100B	84277	DNAJC30
6275	S100A4	6285	S100B
6285	S100B	54461	FBXW5
6285	S100B	92856	IMP4
6285	S100B	55216	C11orf57
51608	GET4	114984	FLYWCH2
29781	NCAPH2	203068	TUBB
5705	PSMC5	7138	TNNT1
203068	TUBB	266740	MAGEA2B
6449	SGTA	114904	C1QTNF6
6442	SGCA	6449	SGTA
55734	ZFP64	64782	AEN
7106	TSPAN4	10488	CREB3
10615	SPAG5	84080	C16orf48
9521	EEF1E1	26151	NAT9
9531	BAG3	26353	HSPB8
3866	KRT15	9894	TELO2
27111	SDCBP2	51538	ZCCHC17
1602	DACH1	79169	C1orf35
8834	TMEM11	90993	CREB3L1
23281	MTUS2	79696	ZC2HC1C
5886	RAD23A	7205	TRIP6
10253	SPRY2	80270	HSD3B7
10488	CREB3	80777	CYB5B
10105	PPIF	54971	BANP
10488	CREB3	56475	RPRM
5682	PSMA1	23281	MTUS2
84080	C16orf48	246329	STAC3
7286	TUFT1	7791	ZYX
7791	ZYX	84816	RTN4IP1
6626	SNRPA	11338	U2AF2
6919	TCEA2	79036	KXD1
23710	GABARAPL1	79036	KXD1
3190	HNRNPK	27316	RBMX
23479	ISCU	54550	NECAB2
3190	HNRNPK	116173	CMTM5
10425	ARIH2	80125	CCDC33
8985	PLOD3	117177	RAB3IP
7138	TNNT1	7168	TPM1
1329	COX5B	54906	FAM208B
6839	SUV39H1	29911	HOOK2
4188	MDFI	284058	KANSL1
29911	HOOK2	284058	KANSL1
24144	TFIP11	284058	KANSL1
527	ATP6V0C	10488	CREB3
85013	TMEM128	90993	CREB3L1
24144	TFIP11	64745	METTL17
4188	MDFI	26508	HEYL
4188	MDFI	84527	ZNF559
84283	TMEM79	84283	TMEM79
402	ARL2	5147	PDE6D
79760	GEMIN7	79833	GEMIN6
4188	MDFI	81926	FAM108A1
10488	CREB3	51540	SCLY
24144	TFIP11	84988	PPP1R16A
801	CALM1	401152	C4orf3
58500	ZNF250	79666	PLEKHF2
5013	OTX1	84661	DPY30
2275	FHL3	121268	RHEBL1
2275	FHL3	23281	MTUS2
10541	ANP32B	60343	FAM3A
6794	STK11	55773	TBC1D23
57085	AGTRAP	84191	FAM96A
25816	TNFAIP8	79666	PLEKHF2
10488	CREB3	94101	ORMDL1
5349	FXYD3	10488	CREB3
5349	FXYD3	90993	CREB3L1
10318	TNIP1	29922	NME7
29922	NME7	84708	LNX1
3091	HIF1A	6759	SSX4
2993	GYPA	10488	CREB3
27258	LSM3	57819	LSM2
10136	CELA3A	10488	CREB3
10488	CREB3	55973	BCAP29
10488	CREB3	55974	SLC50A1
6303	SAT1	22980	TCF25
5441	POLR2L	8161	COIL
8417	STX7	10488	CREB3
6810	STX4	8417	STX7
10488	CREB3	114569	MAL2
10488	CREB3	53826	FXYD6
10488	CREB3	113452	TMEM54
55734	ZFP64	90933	TRIM41
3603	IL16	24144	TFIP11
10801	SEPT9	23157	SEPT6
2274	FHL2	3055	HCK
10488	CREB3	28978	TMEM14A
7454	WAS	9322	TRIP10
10133	OPTN	51019	CCDC53
9413	FAM189A2	10133	OPTN
6919	TCEA2	10318	TNIP1
51228	GLTP	116173	CMTM5
10488	CREB3	51465	UBE2J1
10488	CREB3	10668	CGRRF1
60	ACTB	1073	CFL2
8557	TCAP	89884	LHX4
4712	NDUFB6	10488	CREB3
10488	CREB3	94107	TMEM203
10488	CREB3	55851	PSENEN
6668	SP2	54971	BANP
7148	TNXB	54971	BANP
9391	CIAO1	64210	MMS19
9554	SEC22B	10488	CREB3
7104	TM4SF4	10488	CREB3
10245	TIMM17B	10488	CREB3
10488	CREB3	55273	TMEM100
10488	CREB3	80221	ACSF2
10488	CREB3	91252	SLC39A13
10488	CREB3	145957	NRG4
10488	CREB3	91782	CHMP7
10159	ATP6AP2	10488	CREB3
10488	CREB3	80704	SLC19A3
10488	CREB3	84179	MFSD7
10488	CREB3	58515	SELK
211	ALAS1	57634	EP400
10488	CREB3	27040	LAT
10488	CREB3	11094	CACFD1
26	ABP1	220002	CYBASC3
10318	TNIP1	55388	MCM10
1196	CLK2	79753	SNIP1
1731	SEPT1	124404	SEPT12
60490	PPCDC	60490	PPCDC
79571	GCC1	92822	ZNF276
79912	PYROXD1	139596	UPRT
810	CALML3	79763	ISOC2
92822	ZNF276	653121	ZBTB8A
23392	KIAA0368	57085	AGTRAP
23281	MTUS2	85865	GTPBP10
8576	STK16	80125	CCDC33
80022	MYO15B	222389	BEND7
220108	FAM124A	222389	BEND7
27232	GNMT	51564	HDAC7
9814	SFI1	284001	CCDC57
23281	MTUS2	23281	MTUS2
